sample_id,group,original_filename,original_collection,volunteer_id,sequence,source_repository,source_path,source_version,starter_purpose,sample_filename
adult_001,adult,Pranchetas fotografias - dentição permanente - CPOD treinamento_Voluntario1_1.jpeg,Pranchetas fotografias - dentição permanente - CPOD treinamento,1,1,https://github.com/pdecampossouza/Pipeline-for-Oral-Health-Images,Pranchetas fotografias - dentição permanente - CPOD treinamento/Pranchetas fotografias - dentição permanente - CPOD treinamento_Voluntario1_1.jpeg,e23dcdae657f4f999d2e126cee673ce0b4cc25b7,demonstration_only,adult_001.jpeg
adult_002,adult,Pranchetas fotografias - dentição permanente - CPOD treinamento_Voluntario1_12.jpeg,Pranchetas fotografias - dentição permanente - CPOD treinamento,1,12,https://github.com/pdecampossouza/Pipeline-for-Oral-Health-Images,Pranchetas fotografias - dentição permanente - CPOD treinamento/Pranchetas fotografias - dentição permanente - CPOD treinamento_Voluntario1_12.jpeg,e23dcdae657f4f999d2e126cee673ce0b4cc25b7,demonstration_only,adult_002.jpeg
adult_003,adult,Pranchetas fotografias - dentição permanente - CPOD treinamento_Voluntario2_1.jpeg,Pranchetas fotografias - dentição permanente - CPOD treinamento,2,1,https://github.com/pdecampossouza/Pipeline-for-Oral-Health-Images,Pranchetas fotografias - dentição permanente - CPOD treinamento/Pranchetas fotografias - dentição permanente - CPOD treinamento_Voluntario2_1.jpeg,e23dcdae657f4f999d2e126cee673ce0b4cc25b7,demonstration_only,adult_003.jpeg
adult_004,adult,Pranchetas fotografias - dentição permanente - CPOD treinamento_Voluntario2_13.jpeg,Pranchetas fotografias - dentição permanente - CPOD treinamento,2,13,https://github.com/pdecampossouza/Pipeline-for-Oral-Health-Images,Pranchetas fotografias - dentição permanente - CPOD treinamento/Pranchetas fotografias - dentição permanente - CPOD treinamento_Voluntario2_13.jpeg,e23dcdae657f4f999d2e126cee673ce0b4cc25b7,demonstration_only,adult_004.jpeg
adult_005,adult,Pranchetas fotografias - dentição permanente - CPOD treinamento_Voluntario3_1.jpeg,Pranchetas fotografias - dentição permanente - CPOD treinamento,3,1,https://github.com/pdecampossouza/Pipeline-for-Oral-Health-Images,Pranchetas fotografias - dentição permanente - CPOD treinamento/Pranchetas fotografias - dentição permanente - CPOD treinamento_Voluntario3_1.jpeg,e23dcdae657f4f999d2e126cee673ce0b4cc25b7,demonstration_only,adult_005.jpeg
adult_006,adult,Pranchetas fotografias - dentição permanente - CPOD treinamento_Voluntario3_12.jpeg,Pranchetas fotografias - dentição permanente - CPOD treinamento,3,12,https://github.com/pdecampossouza/Pipeline-for-Oral-Health-Images,Pranchetas fotografias - dentição permanente - CPOD treinamento/Pranchetas fotografias - dentição permanente - CPOD treinamento_Voluntario3_12.jpeg,e23dcdae657f4f999d2e126cee673ce0b4cc25b7,demonstration_only,adult_006.jpeg
adult_007,adult,Pranchetas fotografias - dentição permanente - CPOD treinamento_Voluntario4_1.jpeg,Pranchetas fotografias - dentição permanente - CPOD treinamento,4,1,https://github.com/pdecampossouza/Pipeline-for-Oral-Health-Images,Pranchetas fotografias - dentição permanente - CPOD treinamento/Pranchetas fotografias - dentição permanente - CPOD treinamento_Voluntario4_1.jpeg,e23dcdae657f4f999d2e126cee673ce0b4cc25b7,demonstration_only,adult_007.jpeg
adult_008,adult,Pranchetas fotografias - dentição permanente - CPOD treinamento_Voluntario4_12.jpeg,Pranchetas fotografias - dentição permanente - CPOD treinamento,4,12,https://github.com/pdecampossouza/Pipeline-for-Oral-Health-Images,Pranchetas fotografias - dentição permanente - CPOD treinamento/Pranchetas fotografias - dentição permanente - CPOD treinamento_Voluntario4_12.jpeg,e23dcdae657f4f999d2e126cee673ce0b4cc25b7,demonstration_only,adult_008.jpeg
adult_009,adult,Pranchetas fotografias - dentição permanente - CPOD treinamento_Voluntario5_1.jpeg,Pranchetas fotografias - dentição permanente - CPOD treinamento,5,1,https://github.com/pdecampossouza/Pipeline-for-Oral-Health-Images,Pranchetas fotografias - dentição permanente - CPOD treinamento/Pranchetas fotografias - dentição permanente - CPOD treinamento_Voluntario5_1.jpeg,e23dcdae657f4f999d2e126cee673ce0b4cc25b7,demonstration_only,adult_009.jpeg
adult_010,adult,Pranchetas fotografias - dentição permanente - CPOD treinamento_Voluntario5_12.jpeg,Pranchetas fotografias - dentição permanente - CPOD treinamento,5,12,https://github.com/pdecampossouza/Pipeline-for-Oral-Health-Images,Pranchetas fotografias - dentição permanente - CPOD treinamento/Pranchetas fotografias - dentição permanente - CPOD treinamento_Voluntario5_12.jpeg,e23dcdae657f4f999d2e126cee673ce0b4cc25b7,demonstration_only,adult_010.jpeg
adult_011,adult,Pranchetas fotografias - dentição permanente - CPOD treinamento_Voluntario6_1.jpeg,Pranchetas fotografias - dentição permanente - CPOD treinamento,6,1,https://github.com/pdecampossouza/Pipeline-for-Oral-Health-Images,Pranchetas fotografias - dentição permanente - CPOD treinamento/Pranchetas fotografias - dentição permanente - CPOD treinamento_Voluntario6_1.jpeg,e23dcdae657f4f999d2e126cee673ce0b4cc25b7,demonstration_only,adult_011.jpeg
adult_012,adult,Pranchetas fotografias - dentição permanente - CPOD treinamento_Voluntario6_13.jpeg,Pranchetas fotografias - dentição permanente - CPOD treinamento,6,13,https://github.com/pdecampossouza/Pipeline-for-Oral-Health-Images,Pranchetas fotografias - dentição permanente - CPOD treinamento/Pranchetas fotografias - dentição permanente - CPOD treinamento_Voluntario6_13.jpeg,e23dcdae657f4f999d2e126cee673ce0b4cc25b7,demonstration_only,adult_012.jpeg
adult_013,adult,Pranchetas fotografias - dentição permanente - CPOD treinamento_Voluntario7_1.jpeg,Pranchetas fotografias - dentição permanente - CPOD treinamento,7,1,https://github.com/pdecampossouza/Pipeline-for-Oral-Health-Images,Pranchetas fotografias - dentição permanente - CPOD treinamento/Pranchetas fotografias - dentição permanente - CPOD treinamento_Voluntario7_1.jpeg,e23dcdae657f4f999d2e126cee673ce0b4cc25b7,demonstration_only,adult_013.jpeg
adult_014,adult,Pranchetas fotografias - dentição permanente - CPOD treinamento_Voluntario7_12.jpeg,Pranchetas fotografias - dentição permanente - CPOD treinamento,7,12,https://github.com/pdecampossouza/Pipeline-for-Oral-Health-Images,Pranchetas fotografias - dentição permanente - CPOD treinamento/Pranchetas fotografias - dentição permanente - CPOD treinamento_Voluntario7_12.jpeg,e23dcdae657f4f999d2e126cee673ce0b4cc25b7,demonstration_only,adult_014.jpeg
adult_015,adult,Pranchetas fotografias - dentição permanente - CPOD treinamento_Voluntario8_1.jpeg,Pranchetas fotografias - dentição permanente - CPOD treinamento,8,1,https://github.com/pdecampossouza/Pipeline-for-Oral-Health-Images,Pranchetas fotografias - dentição permanente - CPOD treinamento/Pranchetas fotografias - dentição permanente - CPOD treinamento_Voluntario8_1.jpeg,e23dcdae657f4f999d2e126cee673ce0b4cc25b7,demonstration_only,adult_015.jpeg
adult_016,adult,Pranchetas fotografias - dentição permanente - CPOD treinamento_Voluntario8_12.jpeg,Pranchetas fotografias - dentição permanente - CPOD treinamento,8,12,https://github.com/pdecampossouza/Pipeline-for-Oral-Health-Images,Pranchetas fotografias - dentição permanente - CPOD treinamento/Pranchetas fotografias - dentição permanente - CPOD treinamento_Voluntario8_12.jpeg,e23dcdae657f4f999d2e126cee673ce0b4cc25b7,demonstration_only,adult_016.jpeg
adult_017,adult,Pranchetas fotografias - dentição permanente - CPOD treinamento_Voluntario9_1.jpeg,Pranchetas fotografias - dentição permanente - CPOD treinamento,9,1,https://github.com/pdecampossouza/Pipeline-for-Oral-Health-Images,Pranchetas fotografias - dentição permanente - CPOD treinamento/Pranchetas fotografias - dentição permanente - CPOD treinamento_Voluntario9_1.jpeg,e23dcdae657f4f999d2e126cee673ce0b4cc25b7,demonstration_only,adult_017.jpeg
adult_018,adult,Pranchetas fotografias - dentição permanente - CPOD treinamento_Voluntario9_12.jpeg,Pranchetas fotografias - dentição permanente - CPOD treinamento,9,12,https://github.com/pdecampossouza/Pipeline-for-Oral-Health-Images,Pranchetas fotografias - dentição permanente - CPOD treinamento/Pranchetas fotografias - dentição permanente - CPOD treinamento_Voluntario9_12.jpeg,e23dcdae657f4f999d2e126cee673ce0b4cc25b7,demonstration_only,adult_018.jpeg
adult_019,adult,Pranchetas fotografias - dentição permanente - CPOD treinamento_Voluntario10_1.jpeg,Pranchetas fotografias - dentição permanente - CPOD treinamento,10,1,https://github.com/pdecampossouza/Pipeline-for-Oral-Health-Images,Pranchetas fotografias - dentição permanente - CPOD treinamento/Pranchetas fotografias - dentição permanente - CPOD treinamento_Voluntario10_1.jpeg,e23dcdae657f4f999d2e126cee673ce0b4cc25b7,demonstration_only,adult_019.jpeg
adult_020,adult,Pranchetas fotografias - dentição permanente - CPOD treinamento_Voluntario10_12.jpeg,Pranchetas fotografias - dentição permanente - CPOD treinamento,10,12,https://github.com/pdecampossouza/Pipeline-for-Oral-Health-Images,Pranchetas fotografias - dentição permanente - CPOD treinamento/Pranchetas fotografias - dentição permanente - CPOD treinamento_Voluntario10_12.jpeg,e23dcdae657f4f999d2e126cee673ce0b4cc25b7,demonstration_only,adult_020.jpeg
